Category,ID,Requirement,Status,Implementation Notes,Evidence
V1: Architecture,V1.1.1,Verify the use of a secure software development lifecycle,✅ Implemented,Pre-commit hooks + CI/CD pipelines,".pre-commit-config.yaml, .github/workflows/"
V1: Architecture,V1.1.2,Verify the use of threat modeling for critical applications,⚠️ Partial,Threat model needed for production,"Planned for Phase 14"
V1: Architecture,V1.2.1,Verify authentication and session management for all components,✅ Implemented,JWT-based auth with role-based access control,"backend/src/middleware/auth.ts"
V1: Architecture,V1.4.1,Verify all application components and data flows are documented,✅ Implemented,Architecture documented in README,README.md
V2: Authentication,V2.1.1,Verify passwords are at least 12 characters with complexity requirements,✅ Implemented,Bcrypt hashing with strength validation,"backend/src/api/auth/"
V2: Authentication,V2.1.2,Verify users can change their password securely,✅ Implemented,Password reset with email verification,"backend/src/api/auth/reset.ts"
V2: Authentication,V2.2.1,Verify anti-automation controls are in place,✅ Implemented,Rate limiting on auth endpoints,"backend/src/middleware/rateLimit.ts"
V2: Authentication,V2.2.2,Verify weak passwords are rejected,✅ Implemented,Password strength validation in auth service,"backend/src/services/auth.ts"
V2: Authentication,V2.3.1,Verify initial passwords are randomly generated with sufficient entropy,✅ Implemented,Secure password generation on user creation,"backend/src/utils/crypto.ts"
V2: Authentication,V2.5.1,Verify verifier-based authentication is used (not password storage),✅ Implemented,Bcrypt for password hashing,"backend/src/services/auth.ts"
V3: Session Management,V3.1.1,Verify the application never reveals session tokens in URLs,✅ Implemented,Tokens in HTTP-only cookies + headers,"backend/src/middleware/auth.ts"
V3: Session Management,V3.2.1,Verify the application generates a new session token on authentication,✅ Implemented,New JWT on login with refresh token rotation,"backend/src/api/auth/login.ts"
V3: Session Management,V3.2.2,Verify session tokens have at least 64 bits of entropy,✅ Implemented,JWT with 256-bit secrets,"backend/src/infra/config.ts"
V3: Session Management,V3.2.3,Verify the application stores session tokens in a secure location,✅ Implemented,Redis with encryption at rest,"backend/src/infra/redis.ts"
V3: Session Management,V3.3.1,Verify logout functionality terminates session tokens,✅ Implemented,Token invalidation on logout,"backend/src/api/auth/logout.ts"
V3: Session Management,V3.3.2,Verify logout functionality is available from all pages,✅ Implemented,Logout available in all contexts,"frontend/src/contexts/AuthContext.tsx"
V3: Session Management,V3.4.1,Verify cookie-based session tokens have Secure attribute,✅ Implemented,Secure and HttpOnly flags set,"backend/src/middleware/auth.ts"
V3: Session Management,V3.4.2,Verify cookie-based session tokens have HttpOnly attribute,✅ Implemented,HttpOnly flag prevents XSS access,"backend/src/middleware/auth.ts"
V3: Session Management,V3.4.3,Verify cookie-based session tokens have SameSite attribute,✅ Implemented,SameSite=Strict for CSRF protection,"backend/src/middleware/auth.ts"
V4: Access Control,V4.1.1,Verify enforcement of least privilege and deny-by-default,✅ Implemented,RBAC with explicit permissions,"backend/src/middleware/rbac.ts"
V4: Access Control,V4.1.2,Verify attribute or feature-based access control,✅ Implemented,Role-based and object-level permissions,"backend/src/middleware/permissions.ts"
V4: Access Control,V4.1.3,Verify principle of least privilege exists,✅ Implemented,Granular role permissions (Admin/PM/Engineer/Field),"backend/prisma/schema.prisma"
V4: Access Control,V4.1.4,Verify access controls fail securely,✅ Implemented,Default deny with explicit allow,"backend/src/middleware/rbac.ts"
V4: Access Control,V4.1.5,Verify access control rules are enforced on server side,✅ Implemented,All endpoints protected server-side,"backend/src/routes/"
V4: Access Control,V4.2.1,Verify sensitive data and APIs are protected against IDOR,✅ Implemented,Object ownership validation,"backend/src/middleware/permissions.ts"
V4: Access Control,V4.3.1,Verify administrative interfaces use appropriate authentication,✅ Implemented,Admin-only routes with role checks,"backend/src/routes/admin/"
V5: Validation,V5.1.1,Verify the application has defenses against HTTP parameter pollution,✅ Implemented,Fastify with strict parsing,"backend/src/lib/http.ts"
V5: Validation,V5.1.2,Verify frameworks protect against mass assignment attacks,✅ Implemented,Explicit DTO validation with Zod,"backend/src/types/"
V5: Validation,V5.1.3,Verify all input is validated using positive validation,✅ Implemented,Zod schemas for all inputs,"backend/src/types/"
V5: Validation,V5.1.4,Verify structured data is validated against defined schema,✅ Implemented,Zod + Pydantic v2 validation,"backend/src/types/, bim/main.py"
V5: Validation,V5.2.1,Verify the application is protected against template injection,✅ Implemented,React with XSS protection,"frontend/src/"
V5: Validation,V5.2.2,Verify the application is protected against SSTI attacks,✅ Implemented,No server-side templating used,Architecture
V5: Validation,V5.3.1,Verify output encoding is relevant for the interpreter,✅ Implemented,React auto-escapes output,"frontend/src/"
V5: Validation,V5.3.2,Verify output encoding preserves user's chosen character set,✅ Implemented,UTF-8 throughout,"backend/src/middleware/"
V5: Validation,V5.3.3,Verify context-aware output escaping protects against XSS,✅ Implemented,React default XSS protection,"frontend/src/"
V5: Validation,V5.5.1,Verify deserialization of untrusted data is avoided or protected,✅ Implemented,JSON-only with validation,"backend/src/middleware/validate.ts"
V6: Cryptography,V6.2.1,Verify all cryptographic modules fail securely,✅ Implemented,Try-catch with secure defaults,"backend/src/utils/crypto.ts"
V6: Cryptography,V6.2.2,Verify industry proven or government approved algorithms,✅ Implemented,AES-256 + bcrypt + JWT HS256,"backend/src/utils/crypto.ts"
V6: Cryptography,V6.2.3,Verify secure random numbers are properly seeded,✅ Implemented,crypto.randomBytes for tokens,"backend/src/utils/crypto.ts"
V6: Cryptography,V6.2.4,Verify random number generation uses cryptographically secure source,✅ Implemented,Node crypto module,"backend/src/utils/crypto.ts"
V6: Cryptography,V6.2.5,Verify random values are not predictable,✅ Implemented,CSPRNG for all random generation,"backend/src/utils/crypto.ts"
V6: Cryptography,V6.2.6,Verify deprecated cryptographic algorithms are not used,✅ Implemented,Only modern algorithms (bcrypt/JWT),"backend/package.json"
V7: Error Handling,V7.1.1,Verify the application does not log sensitive data,✅ Implemented,Sanitized logging with redaction,"backend/src/infra/logger.ts"
V7: Error Handling,V7.1.2,Verify the application does not log credentials,✅ Implemented,Password redaction in logs,"backend/src/middleware/logging.ts"
V7: Error Handling,V7.2.1,Verify all exceptions are handled,✅ Implemented,Global error handler,"backend/src/middleware/errorHandler.ts"
V7: Error Handling,V7.2.2,Verify generic error messages are used,✅ Implemented,Generic errors to users secure logs internally,"backend/src/middleware/errorHandler.ts"
V7: Error Handling,V7.4.1,Verify error handling logic denies access by default,✅ Implemented,Fail-closed on errors,"backend/src/middleware/errorHandler.ts"
V8: Data Protection,V8.1.1,Verify sensitive data is encrypted in transit,✅ Implemented,HTTPS enforced in production,"infra/nginx.conf"
V8: Data Protection,V8.2.2,Verify the application enforces access control at data layer,✅ Implemented,Row-level security in queries,"backend/src/services/"
V8: Data Protection,V8.3.1,Verify sensitive data is cached as little as possible,✅ Implemented,Short TTL on Redis cache,"backend/src/infra/redis.ts"
V8: Data Protection,V8.3.2,Verify sensitive data sent to client is purged after use,✅ Implemented,Tokens cleared on logout,"frontend/src/contexts/AuthContext.tsx"
V8: Data Protection,V8.3.3,Verify sensitive data is not cached on server after access,✅ Implemented,Cache-Control headers set,"backend/src/middleware/headers.ts"
V8: Data Protection,V8.3.4,Verify sensitive data is not cached by browser,✅ Implemented,No-cache headers for sensitive endpoints,"backend/src/middleware/headers.ts"
V9: Communication,V9.1.1,Verify TLS is used for all client connectivity,✅ Implemented,HTTPS only in production,"docker-compose.yml, infra/nginx.conf"
V9: Communication,V9.1.3,Verify only strong TLS ciphers are enabled,✅ Implemented,TLS 1.3 preferred,"infra/nginx.conf"
V9: Communication,V9.2.1,Verify connections to and from the server use trusted certificates,✅ Implemented,Certificate validation enabled,"backend/src/utils/http.ts"
V10: Malicious Code,V10.1.1,Verify code analysis tools are in use,✅ Implemented,ESLint ruff bandit in pre-commit + CI,".pre-commit-config.yaml, .github/workflows/ci.yml"
V10: Malicious Code,V10.2.1,Verify the application source code is in version control,✅ Implemented,Git with GitHub,".git/"
V10: Malicious Code,V10.2.3,Verify build and deployment processes are automated and repeatable,✅ Implemented,GitHub Actions CI/CD,".github/workflows/"
V10: Malicious Code,V10.3.2,Verify integrity verification is performed on third-party code,✅ Implemented,Lock files + npm audit,"package-lock.json"
V11: Business Logic,V11.1.1,Verify the application enforces business logic flows,✅ Implemented,State machines for workflows,"backend/src/services/rfi.ts"
V11: Business Logic,V11.1.2,Verify the application enforces limits on resource consumption,✅ Implemented,Rate limiting + request size limits,"backend/src/middleware/rateLimit.ts"
V11: Business Logic,V11.1.4,Verify the application has anti-automation controls,✅ Implemented,Rate limiting per IP/user,"backend/src/middleware/rateLimit.ts"
V12: Files and Resources,V12.1.1,Verify the application will not accept large files,✅ Implemented,100MB upload limit,"backend/main.py, backend/src/middleware/upload.ts"
V12: Files and Resources,V12.1.3,Verify file type validation is performed,✅ Implemented,MIME type + extension validation,"backend/main.py, bim/main.py"
V12: Files and Resources,V12.2.1,Verify uploaded files are stored outside webroot,✅ Implemented,Uploads in /app/uploads with restricted access,"docker-compose.yml"
V12: Files and Resources,V12.3.1,Verify file metadata is validated,✅ Implemented,Filename sanitization,"backend/src/utils/files.ts"
V12: Files and Resources,V12.4.1,Verify files obtained from untrusted sources are validated,✅ Implemented,All uploads validated,"backend/src/middleware/upload.ts"
V12: Files and Resources,V12.5.1,Verify the application does not allow arbitrary file inclusion,✅ Implemented,No dynamic file inclusion,Architecture
V13: API and Web Service,V13.1.1,Verify all API methods are protected by access control,✅ Implemented,JWT + RBAC on all endpoints,"backend/src/middleware/"
V13: API and Web Service,V13.1.2,Verify that keys and tokens are not hard-coded,✅ Implemented,Environment variables only,"backend/.env.example"
V13: API and Web Service,V13.2.1,Verify GraphQL/REST inputs are validated,✅ Implemented,Zod schemas for all inputs,"backend/src/types/"
V13: API and Web Service,V13.2.2,Verify GraphQL/REST rate limiting is in place,✅ Implemented,Rate limiting middleware,"backend/src/middleware/rateLimit.ts"
V13: API and Web Service,V13.3.1,Verify API URLs do not expose sensitive information,✅ Implemented,Generic resource IDs,"backend/src/routes/"
V13: API and Web Service,V13.4.1,Verify authorization decisions are made at backend,✅ Implemented,Server-side authorization only,"backend/src/middleware/rbac.ts"
V14: Configuration,V14.1.1,Verify build processes for different environments,✅ Implemented,Docker multi-stage builds,"backend/Dockerfile, frontend/Dockerfile"
V14: Configuration,V14.1.2,Verify dependencies are obtained from trusted sources,✅ Implemented,Official registries (npm PyPI),"package.json requirements.txt"
V14: Configuration,V14.2.2,Verify unused features are disabled,✅ Implemented,Minimal Docker images,"Dockerfiles"
V14: Configuration,V14.3.1,Verify security headers are sent on all responses,✅ Implemented,Helmet middleware,"backend/src/lib/http.ts"
V14: Configuration,V14.4.1,Verify HTTP headers do not expose system details,✅ Implemented,Server header removed,"backend/src/lib/http.ts"
V14: Configuration,V14.5.1,Verify HTTP Strict Transport Security is used,✅ Implemented,HSTS header set,"backend/src/middleware/headers.ts"
